google	NDCG@1: 1.0	NDCG@5: 1.0	NDCG@10: 1.0	Recoprocal: 1.0
google	NDCG@1: 1.0	NDCG@5: 1.0	NDCG@10: 1.0	Recoprocal: 1.0
bing	NDCG@1: 1.0	NDCG@5: 0.9942444601403009	NDCG@10: 0.9944275745073571	Recoprocal: 1.0
web search	NDCG@1: 0.0	NDCG@5: 0.5308031558224252	NDCG@10: 0.5308382040632917	Recoprocal: 0.5
